-- ============================================================
-- 선비샵 (SeonbiShop) Seed Data
-- ============================================================

-- Products
insert into public.products (id, name, slug, description, detail_html, base_price, category) values
(
  '11111111-1111-1111-1111-111111111111',
  '술먹는 선비 소주잔',
  'soju-glass-seonbi',
  '조선시대 선비가 풍류를 즐기는 모습이 담긴 소주잔 세트입니다. 도자기 장인이 한 점 한 점 수작업으로 제작했습니다.',
  '<h2>상품 상세</h2><p>조선시대 선비의 풍류를 현대적으로 재해석한 소주잔 세트입니다.</p><ul><li>소재: 도자기</li><li>용량: 50ml</li><li>세트 구성: 잔 2개 + 선물 상자</li></ul>',
  18000,
  'tableware'
),
(
  '22222222-2222-2222-2222-222222222222',
  '전통문양 기계식 키보드',
  'traditional-pattern-keyboard',
  '단청 문양을 키캡에 새긴 기계식 키보드입니다. 한국 전통미와 현대 기술의 만남.',
  '<h2>상품 상세</h2><p>단청 문양이 새겨진 PBT 키캡의 기계식 키보드입니다.</p><ul><li>스위치: Cherry MX Brown</li><li>레이아웃: 풀사이즈 108키</li><li>연결: USB-C / Bluetooth 5.0</li></ul>',
  189000,
  'electronics'
),
(
  '33333333-3333-3333-3333-333333333333',
  '한복 에코백',
  'hanbok-eco-bag',
  '한복 저고리의 곡선미를 담은 친환경 에코백입니다. 오가닉 코튼 100% 사용.',
  '<h2>상품 상세</h2><p>한복의 아름다운 곡선을 현대적으로 재해석한 에코백입니다.</p><ul><li>소재: 오가닉 코튼 100%</li><li>크기: 38cm x 42cm</li><li>내부 포켓 1개</li></ul>',
  25000,
  'fashion'
),
(
  '44444444-4444-4444-4444-444444444444',
  '청자 머그컵',
  'celadon-mug',
  '고려청자의 비색을 재현한 머그컵입니다. 전통 상감기법으로 학 문양을 넣었습니다.',
  '<h2>상품 상세</h2><p>고려청자의 신비로운 비색을 현대 기술로 재현한 머그컵입니다.</p><ul><li>소재: 도자기 (식기세척기 사용 가능)</li><li>용량: 350ml</li><li>상감 학 문양</li></ul>',
  32000,
  'tableware'
),
(
  '55555555-5555-5555-5555-555555555555',
  '단청 폰케이스',
  'dancheong-phone-case',
  '궁궐 단청의 화려한 색감을 담은 폰케이스입니다. 하드 PC 소재로 보호력이 뛰어납니다.',
  '<h2>상품 상세</h2><p>경복궁 단청 문양을 고해상도로 프린팅한 폰케이스입니다.</p><ul><li>소재: 하드 PC + TPU 범퍼</li><li>UV 프린팅 (색바램 방지)</li><li>무선충전 호환</li></ul>',
  22000,
  'accessories'
);

-- Product Options
insert into public.product_options (product_id, name, additional_price, stock) values
-- 소주잔: 색상
('11111111-1111-1111-1111-111111111111', '백자 (흰색)', 0, 50),
('11111111-1111-1111-1111-111111111111', '청자 (비색)', 3000, 30),
('11111111-1111-1111-1111-111111111111', '분청 (회색)', 2000, 40),
-- 키보드: 스위치
('22222222-2222-2222-2222-222222222222', 'Cherry MX Brown (갈축)', 0, 20),
('22222222-2222-2222-2222-222222222222', 'Cherry MX Red (적축)', 0, 15),
('22222222-2222-2222-2222-222222222222', 'Cherry MX Blue (청축)', 0, 10),
-- 에코백: 색상
('33333333-3333-3333-3333-333333333333', '생성 (내추럴)', 0, 100),
('33333333-3333-3333-3333-333333333333', '감색 (네이비)', 0, 80),
-- 머그컵: 종류
('44444444-4444-4444-4444-444444444444', '학 문양', 0, 60),
('44444444-4444-4444-4444-444444444444', '모란 문양', 0, 45),
('44444444-4444-4444-4444-444444444444', '운학 문양 (금박)', 5000, 20),
-- 폰케이스: 기종
('55555555-5555-5555-5555-555555555555', 'iPhone 15', 0, 70),
('55555555-5555-5555-5555-555555555555', 'iPhone 15 Pro', 0, 60),
('55555555-5555-5555-5555-555555555555', 'Galaxy S24', 0, 50),
('55555555-5555-5555-5555-555555555555', 'Galaxy S24 Ultra', 0, 40);

-- Product Images (placeholder URLs — replace with Supabase Storage URLs)
insert into public.product_images (product_id, url, alt_text, sort_order) values
('11111111-1111-1111-1111-111111111111', '/images/products/soju-glass-1.jpg', '술먹는 선비 소주잔 메인', 0),
('11111111-1111-1111-1111-111111111111', '/images/products/soju-glass-2.jpg', '술먹는 선비 소주잔 세트', 1),
('22222222-2222-2222-2222-222222222222', '/images/products/keyboard-1.jpg', '전통문양 키보드 메인', 0),
('22222222-2222-2222-2222-222222222222', '/images/products/keyboard-2.jpg', '전통문양 키보드 키캡 디테일', 1),
('33333333-3333-3333-3333-333333333333', '/images/products/eco-bag-1.jpg', '한복 에코백 메인', 0),
('33333333-3333-3333-3333-333333333333', '/images/products/eco-bag-2.jpg', '한복 에코백 착용 이미지', 1),
('44444444-4444-4444-4444-444444444444', '/images/products/celadon-mug-1.jpg', '청자 머그컵 메인', 0),
('44444444-4444-4444-4444-444444444444', '/images/products/celadon-mug-2.jpg', '청자 머그컵 상감 디테일', 1),
('55555555-5555-5555-5555-555555555555', '/images/products/phone-case-1.jpg', '단청 폰케이스 메인', 0),
('55555555-5555-5555-5555-555555555555', '/images/products/phone-case-2.jpg', '단청 폰케이스 후면', 1);

-- Product Tags
insert into public.product_tags (product_id, tag) values
('11111111-1111-1111-1111-111111111111', '소주잔'),
('11111111-1111-1111-1111-111111111111', '도자기'),
('11111111-1111-1111-1111-111111111111', '선물'),
('11111111-1111-1111-1111-111111111111', '전통'),
('22222222-2222-2222-2222-222222222222', '키보드'),
('22222222-2222-2222-2222-222222222222', '전통문양'),
('22222222-2222-2222-2222-222222222222', '단청'),
('22222222-2222-2222-2222-222222222222', '기계식'),
('33333333-3333-3333-3333-333333333333', '에코백'),
('33333333-3333-3333-3333-333333333333', '한복'),
('33333333-3333-3333-3333-333333333333', '친환경'),
('33333333-3333-3333-3333-333333333333', '선물'),
('44444444-4444-4444-4444-444444444444', '머그컵'),
('44444444-4444-4444-4444-444444444444', '청자'),
('44444444-4444-4444-4444-444444444444', '고려청자'),
('44444444-4444-4444-4444-444444444444', '도자기'),
('55555555-5555-5555-5555-555555555555', '폰케이스'),
('55555555-5555-5555-5555-555555555555', '단청'),
('55555555-5555-5555-5555-555555555555', '궁궐'),
('55555555-5555-5555-5555-555555555555', '선물');

-- Sample Coupons
insert into public.coupons (id, code, name, type, discount_value, min_order_amount, max_discount_amount, starts_at, expires_at) values
(
  'cccccccc-cccc-cccc-cccc-cccccccccc01',
  'WELCOME2026',
  '신규가입 환영 쿠폰',
  'percent',
  10,
  30000,
  5000,
  '2026-01-01T00:00:00Z',
  '2026-12-31T23:59:59Z'
),
(
  'cccccccc-cccc-cccc-cccc-cccccccccc02',
  'SEONBI3000',
  '선비샵 3천원 할인',
  'fixed',
  3000,
  20000,
  null,
  '2026-01-01T00:00:00Z',
  '2026-06-30T23:59:59Z'
);

-- Sample Event
insert into public.events (id, title, slug, description, body_html, starts_at, ends_at) values
(
  'eeeeeeee-eeee-eeee-eeee-eeeeeeeeee01',
  '선비샵 오픈 기념 이벤트',
  'grand-opening-2026',
  '선비샵 오픈을 기념하여 전 상품 10% 할인 쿠폰을 드립니다!',
  '<h1>🎉 선비샵 그랜드 오픈!</h1><p>한국 전통의 아름다움을 현대적으로 재해석한 선비샵이 드디어 오픈했습니다.</p><p>오픈 기념으로 <strong>전 상품 10% 할인 쿠폰</strong>을 드립니다. 아래 댓글로 응모해 주세요!</p><p>기간: 2026년 3월 15일 ~ 4월 15일</p>',
  '2026-03-15T00:00:00Z',
  '2026-04-15T23:59:59Z'
);

-- Link event to coupon
insert into public.event_coupons (event_id, coupon_id) values
('eeeeeeee-eeee-eeee-eeee-eeeeeeeeee01', 'cccccccc-cccc-cccc-cccc-cccccccccc01');
